B+W,B+W,b+w
保荣,Bowens,Bowens
佳能,Canon,canon
卡西欧,Casio,casio
高坚,Cokin,cokin
康泰时,Contax,contax
确善能,Cosina,cosina
DxO,DxO,dxo
富士,Fujifilm,fujifilm
捷信,Gitzo,gitzo
哈苏,Hasselblad,hasselblad
保谷,Hoya,hoya
Joby,Joby,joby
肯高,Kenko,kenko
柯达,Kodak,kodak
柯尼卡 美能达,Konica Minolta ,konica-minolta
徕卡,Leica,leica
Lensbaby,Lensbaby,lensbaby
林好夫,Linhof,linhof
LOMO,LOMO,lomo
乐摄宝,Lowepro,lowepro
LumiQuest,LumiQuest,lumiquest
LumoPro,LumoPro,lumopro
Lytro,Lytro,lytro
玛米亚,Mamiya,mamiya
玛米亚-利图,Mamiya Leaf,mamiya-leaf
曼富图,Manfrotto,manfrotto
美滋,Metz,metz
美能达,Minolta,minolta
美乐时,Minox,minox
尼康,Nikon,nikon
奥林巴斯,Olympus,olympus
奥普泰克,Opteka,opteka
松下,Panasonic,panasonic
宾得,Pentax,pentax
飞思,Phase One,phase-one
拍立得,Polaroid,polaroid
保富图,Profoto,profoto
Really Right Stuff,Really Right Stuff,really-right-stuff
理光,Ricoh,ricoh
罗敦司得,Rodenstock,rodenstock
Rokinon,Rokinon,rokinon
禄来,Rollei,rollei
三星,Samsung,samsung
三洋,Samyang,samyang
施奈德 ,Schneider,schneider
海鸥,Seagull Camera,seagull-camera
Seitz,Seitz,seitz
世光,Sekonic,sekonic
适马,Sigma,sigma
辛格锐,Singh-Ray,singh-ray
竖力,Slik,slik
索尼,Sony,sony
Sunpak,Sunpak,sunpak
天域,Tamrac,tamrac
腾龙,Tamron,tamron
Think Tank Photo,Think Tank Photo,think-tank-photo
天芬,Tiffen,tiffen
图丽,Tokina,tokina
Triggertrap,Triggertrap,triggertrap
金钟,Velbon,velbon
威达,Vivitar,vivitar
福伦达,Voigtlander,voigtlander
威摄,Walimex,walimex
永诺,Yongnuo,yongnuo
蔡司,Zeiss,zeiss
Zenit,Zenit,zenit
佐尔基,Zorki,zorki
其他,others,others
